SALE_DATE,TOTAL_SALES,TOTAL_QTY,TRANSACTIONS,ROLLING_7_DAY,ROLLING_30_DAY,LAG_1_DAY,LAG_7_DAY,LAG_30_DAY
2025-01-01,2367.570624,1032.0,551,,,,,
2025-01-02,5037.207812,1562.0,734,,,2367.570624,,
2025-01-03,4479.485993,1558.0,673,,,5037.207812,,
2025-01-04,4323.086305,1785.0,721,,,4479.485993,,
2025-01-05,4213.37326,1336.0,565,,,4323.086305,,
2025-01-06,3792.2557309999997,1597.0,688,,,4213.37326,,
2025-01-07,4394.663356,1546.0,687,4086.8061544285715,,3792.2557309999997,,
2025-01-08,4522.084145,1487.0,648,4394.593800285714,,4394.663356,2367.570624,
2025-01-09,4259.703576,1546.0,700,4283.521766571428,,4522.084145,5037.207812,
2025-01-10,5899.292784,2208.0,923,4486.351308142857,,4259.703576,4479.485993,
2025-01-11,4861.940531,2024.0,827,4563.330483285715,,5899.292784,4323.086305,
2025-01-12,3542.107385,1501.0,661,4467.435358285714,,4861.940531,4213.37326,
2025-01-13,4517.693999,1566.0,728,4571.069396571429,,3542.107385,3792.2557309999997,
2025-01-14,4530.127918,1620.0,730,4590.421476857143,,4517.693999,4394.663356,
2025-01-15,4185.61976,1774.0,779,4542.355136142857,,4530.127918,4522.084145,
2025-01-16,5058.623077,1636.0,717,4656.4864934285715,,4185.61976,4259.703576,
2025-01-17,5375.633659,2216.0,914,4581.678047,,5058.623077,5899.292784,
2025-01-18,5311.43257,2133.0,834,4645.891195428571,,5375.633659,4861.940531,
2025-01-19,3373.785338,1500.0,683,4621.8451887142855,,5311.43257,3542.107385,
2025-01-20,3802.170765,1563.0,730,4519.627583857143,,3373.785338,4517.693999,
2025-01-21,4156.171778,1685.0,762,4466.205278142857,,3802.170765,4530.127918,
2025-01-22,4653.238688,1732.0,760,4533.007982142857,,4156.171778,4185.61976,
2025-01-23,6539.922331,2292.0,974,4744.622161285714,,4653.238688,5058.623077,
2025-01-24,6787.675628,2692.0,1041,4946.342442571428,,6539.922331,5375.633659,
2025-01-25,5937.407574,2410.0,929,5035.767443142858,,6787.675628,5311.43257,
2025-01-26,3768.273008,1497.0,676,5092.122824571429,,5937.407574,3373.785338,
2025-01-27,4312.972258,1730.0,789,5165.094466428572,,3768.273008,3802.170765,
2025-01-28,4567.287798,1841.0,805,5223.825326428571,,4312.972258,4156.171778,
2025-01-29,5141.091378,2065.0,846,5293.518567857143,,4567.287798,4653.238688,
2025-01-30,4951.425043,1908.0,843,5066.590383857142,4622.1108024,5141.091378,6539.922331,
2025-01-31,6262.800301,2501.0,1021,4991.6081942857145,4751.951791633333,4951.425043,6787.675628,2367.570624
2025-02-01,5402.15299,2272.0,878,4915.1432537142855,4764.1166309,6262.800301,5937.407574,5037.207812
2025-02-02,4132.47556,1581.0,704,4967.172189714286,4752.5496164666665,5402.15299,3768.273008,4479.485993
2025-02-03,4625.171414,1689.0,730,5011.772069142857,4762.6191201,4132.47556,4312.972258,4323.086305
2025-02-04,4355.817167,1829.0,801,4981.561979,4767.367250333334,4625.171414,4567.287798,4213.37326
2025-02-05,3963.496878,1733.0,774,4813.334193285715,4773.075288566667,4355.817167,5141.091378,3792.2557309999997
2025-02-06,4852.190031,2144.0,874,4799.157763,4788.326177733334,3963.496878,4951.425043,4394.663356
2025-02-07,6282.455476,2542.0,1035,4801.965645142857,4847.0052221,4852.190031,6262.800301,4522.084145
2025-02-08,4844.945488,2165.0,869,4722.364573428572,4866.513285833334,6282.455476,5402.15299,4259.703576
2025-02-09,3615.828439,1704.0,755,4648.557841857143,4790.397807666666,4844.945488,4132.47556,5899.292784
2025-02-10,4651.139222,1610.0,738,4652.267528714286,4783.371097366666,3615.828439,4625.171414,4861.940531
2025-02-11,4633.751756,1982.0,825,4691.97247,4819.759243066667,4651.139222,4355.817167,3542.107385
2025-02-12,4325.824976,1870.0,804,4743.7336268571435,4813.363608966667,4633.751756,3963.496878,4517.693999
2025-02-13,5026.869938,1904.0,803,4768.687899285715,4829.9216762999995,4325.824976,4852.190031,4530.127918
2025-02-14,6219.496535,2107.0,882,4759.693764857143,4897.7175688,5026.869938,6282.455476,4185.61976
2025-02-15,5550.339473,2301.0,908,4860.464334142857,4914.108115333333,6219.496535,4844.945488,5058.623077
2025-02-16,3404.465171,1535.0,719,4830.269581571428,4848.402499066667,5550.339473,3615.828439,5375.633659
2025-02-17,4240.418603,1553.0,697,4771.5952074285715,4812.7020335,3404.465171,4651.139222,5311.43257
2025-02-18,4241.459491,1655.0,754,4715.553455285714,4841.624505266666,4240.418603,4633.751756,3373.785338
2025-02-19,4758.330211,1793.0,810,4777.339917428571,4873.4964868,4241.459491,4325.824976,3802.170765
2025-02-20,4118.215174,1852.0,796,4647.532094,4872.231266666668,4758.330211,5026.869938,4156.171778
2025-02-21,5940.697539,2170.0,915,4607.703666,4915.1465617,4118.215174,6219.496535,4653.238688
2025-02-22,6746.291988,2694.0,1018,4778.5540252857145,4922.025550266667,5940.697539,5550.339473,6539.922331
2025-02-23,3449.501166,1562.0,688,4784.987738857143,4810.753068200001,6746.291988,3404.465171,6787.675628
2025-02-24,3997.817846,1652.0,760,4750.3304878571425,4746.1000772666675,3449.501166,4240.418603,5937.407574
2025-02-25,4772.142248,1751.0,790,4826.142310285714,4779.562385266666,3997.817846,4241.459491,3768.273008
2025-02-26,4162.582435,1901.0,813,4741.035485142857,4774.549391166667,4772.142248,4758.330211,4312.972258
2025-02-27,4794.015526,2031.0,891,4837.578392571429,4782.106982099999,4162.582435,4118.215174,4567.287798
2025-02-28,6930.884484,2623.0,1059,4979.033670428572,4841.7667523,4794.015526,5940.697539,5141.091378
2025-03-01,6510.784059,2621.0,987,4945.389680571429,4893.745386166667,6930.884484,6746.291988,4951.425043
2025-03-02,3638.486858,1586.0,730,4972.387636571429,4806.2682714,6510.784059,3449.501166,6262.800301
2025-03-03,3672.236288,1648.0,776,4925.875985428572,4748.604381333334,3638.486858,3997.817846,5402.15299
2025-03-04,4108.813408,1700.0,740,4831.1147225714285,4747.815642933334,3672.236288,4772.142248,4132.47556
2025-03-05,4106.294219,1838.0,783,4823.073548857144,4730.519736433333,4108.813408,4162.582435,4625.171414
2025-03-06,4957.282134,2031.0,888,4846.39735,4750.568568666667,4106.294219,4794.015526,4355.817167
2025-03-07,7394.231018,2394.0,1018,4912.589712,4864.926373333333,4957.282134,6930.884484,3963.496878
2025-03-08,5121.785128,2286.0,915,4714.161293285714,4873.9128765666665,7394.231018,6510.784059,4852.190031
2025-03-09,3743.139842,1651.0,694,4729.111719571428,4789.2690221,5121.785128,3638.486858,6282.455476
2025-03-10,4573.565872,1823.0,763,4857.8730887142865,4780.2230349,3743.139842,3672.236288,4844.945488
2025-03-11,4137.545309,1781.0,792,4861.977646,4797.613597233333,4573.565872,4108.813408,3615.828439
2025-03-12,4236.831728,2019.0,826,4880.625861571428,4783.803347433334,4137.545309,4106.294219,4651.139222
2025-03-13,5298.93117,2150.0,899,4929.432866714285,4805.975994566667,4236.831728,4957.282134,4633.751756
2025-03-14,6105.724784,2486.0,998,4745.3605475714285,4865.305988166667,5298.93117,7394.231018,4325.824976
2025-03-15,5466.768926,2225.0,889,4794.643947285715,4879.969287766667,6105.724784,5121.785128,5026.869938
2025-03-16,3907.924254,1675.0,708,4818.184577571429,4802.9168784,5466.768926,3743.139842,6219.496535
2025-03-17,4179.236208,1666.0,757,4761.851768428572,4757.213436233333,3907.924254,4573.565872,5550.339473
2025-03-18,4681.601011,1762.0,794,4839.574011571429,4799.784630900001,4179.236208,4137.545309,3404.465171
2025-03-19,5430.881797,2026.0,895,5010.152592857143,4839.466737366666,4681.601011,4236.831728,4240.418603
2025-03-20,4860.885732,2026.0,883,4947.574673142857,4860.114278733333,5430.881797,5298.93117,4241.459491
2025-03-21,5859.633429,2392.0,931,4912.4187652857145,4896.824385999999,4860.885732,6105.724784,4758.330211
2025-03-22,5653.005781,2237.0,887,4939.024030285714,4947.984072900001,5859.633429,5466.768926,4118.215174
2025-03-23,3688.468972,1693.0,763,4907.673275714286,4872.909787333334,5653.005781,3907.924254,5940.697539
2025-03-24,4692.232357,1795.0,808,4980.958439857143,4804.441132966666,3688.468972,4179.236208,6746.291988
2025-03-25,4268.437923,1834.0,755,4921.935141571428,4831.739024866666,4692.232357,4681.601011,3449.501166
2025-03-26,4792.139667,2069.0,891,4830.686265857143,4858.2164189000005,4268.437923,5430.881797,3997.817846
2025-03-27,5044.323737,1841.0,816,4856.891695142857,4867.289135200001,4792.139667,4860.885732,4772.142248
2025-03-28,6411.987142,2517.0,980,4935.799368428571,4942.2692921,5044.323737,5859.633429,4162.582435
2025-03-29,6249.388467,2224.0,883,5020.996894999999,4990.781723466667,6411.987142,5653.005781,4794.015526
2025-03-30,4185.279219,1732.0,759,5091.969787428571,4899.261547966667,6249.388467,3688.468972,6930.884484
2025-03-31,5572.215396,1820.0,793,5217.681650142857,4867.975925866666,4185.279219,4692.232357,6510.784059
2025-04-01,6455.762407,2083.0,873,5530.156576428571,4961.885110833333,5572.215396,4268.437923,3638.486858
2025-04-02,4814.579375,1952.0,863,5533.362249,4999.963213733334,6455.762407,4792.139667,3672.236288
2025-04-03,6332.166517,2157.0,922,5717.339789,5074.074984033333,4814.579375,5044.323737,4108.813408
2025-04-04,6724.27794,2689.0,1064,5761.952760142857,5161.341108066667,6332.166517,6411.987142,4106.294219
2025-04-05,5920.554613,2506.0,973,5714.976495285715,5193.450190699999,6724.27794,6249.388467,4957.282134
2025-04-06,4642.215277,1867.0,801,5780.253075,5101.716332666667,5920.554613,4185.279219,7394.231018
2025-04-07,4341.798191,1714.0,773,5604.4791885714285,5075.7167681,4642.215277,5572.215396,5121.785128
2025-04-08,4772.805361,1915.0,831,5364.056753428571,5110.038952066667,4341.798191,6455.762407,3743.139842
2025-04-09,4556.457689,1982.0,863,5327.182226857142,5109.4686793,4772.805361,4814.579375,4573.565872
2025-04-10,4985.945762,1954.0,857,5134.864976142858,5137.7486944,4556.457689,6332.166517,4137.545309
2025-04-11,6374.734821,2295.0,957,5084.9302448571425,5209.012130833333,4985.945762,6724.27794,4236.831728
2025-04-12,5627.33784,2289.0,935,5043.042134428571,5219.959019833333,6374.734821,5920.554613,5298.93117
2025-04-13,3753.12204,1704.0,787,4916.028814857143,5141.538928366667,5627.33784,4642.215277,6105.724784
2025-04-14,3911.259039,1641.0,738,4854.523221714286,5089.6885988,3753.12204,4341.798191,5466.768926
2025-04-15,5025.973732,1621.0,758,4890.690131857143,5126.956914733333,3911.259039,4772.805361,3907.924254
2025-04-16,4644.619931,1748.0,785,4903.284737857143,5142.469705500001,5025.973732,4556.457689,4179.236208
2025-04-17,5345.165319,1958.0,874,4954.601817428571,5164.588515766666,4644.619931,4985.945762,4681.601011
2025-04-18,5111.141083,1951.0,848,4774.088426285714,5153.9304919666665,5345.165319,6374.734821,5430.881797
2025-04-19,6366.7607769999995,2153.0,887,4879.720274428572,5204.126326800001,5111.141083,5627.33784,4860.885732
2025-04-20,5206.912362,1967.0,830,5087.404606142857,5182.3689579,6366.7607769999995,3753.12204,5859.633429
2025-04-21,3812.317031,1489.0,668,5073.270033571428,5121.012666233333,5206.912362,3911.259039,5653.005781
2025-04-22,4245.423772,1855.0,830,4961.762896428571,5139.577826233333,3812.317031,5025.973732,3688.468972
2025-04-23,4527.277468,1833.0,834,4944.999687428572,5134.079329933333,4245.423772,4644.619931,4692.232357
2025-04-24,4688.952846,2011.0,863,4851.255048428572,5148.096494033333,4527.277468,5345.165319,4268.437923
2025-04-25,6462.269284,2480.0,979,5044.273362857143,5203.767481266666,4688.952846,5111.141083,4792.139667
2025-04-26,6302.069442,2575.0,1003,5035.031743571429,5245.6923381,6462.269284,6366.7607769999995,5044.323737
2025-04-27,3491.609622,1655.0,721,4789.988495,5148.346420766667,6302.069442,5206.912362,6411.987142
2025-04-28,4003.383354,1653.0,731,4817.283684,5073.479583666666,3491.609622,3812.317031,6249.388467
2025-04-29,5192.556498,1983.0,860,4952.588359142857,5107.055492966667,4003.383354,4245.423772,4185.279219
2025-04-30,6042.6461580000005,2272.0,930,5169.069600571428,5122.736518366667,5192.556498,4527.277468,5572.215396
2025-05-01,4437.20464,1901.0,829,5133.105571142857,5055.451259466668,6042.6461580000005,4688.952846,6455.762407
2025-05-02,6876.436884,2615.0,1060,5192.272371142857,5124.179843100001,4437.20464,6462.269284,4814.579375
2025-05-03,6335.956477,2467.0,937,5197.113376142857,5124.3061751000005,6876.436884,6302.069442,6332.166517
2025-05-04,5459.102301,1869.0,831,5478.183758857143,5082.1336538000005,6335.956477,3491.609622,6724.27794
2025-05-05,4973.88518,1844.0,818,5616.826876857142,5050.578006033334,5459.102301,4003.383354,5920.554613
2025-05-06,4808.601546,2052.0,860,5561.976169428572,5056.124215000001,4973.88518,5192.556498,4642.215277
2025-05-07,4785.036061,2197.0,924,5382.317584142857,5070.898810666667,4808.601546,6042.6461580000005,4341.798191
2025-05-08,5163.306548,2221.0,949,5486.046428142858,5083.9155169,4785.036061,4437.20464,4772.805361
2025-05-09,6489.04967,2742.0,1084,5430.705397571429,5148.335249600001,5163.306548,6876.436884,4556.457689
2025-05-10,5942.967553,2476.0,954,5374.564122714285,5180.235975966667,6489.04967,6335.956477,4985.945762
2025-05-11,4879.157155,1949.0,836,5291.714816142857,5130.3833871,5942.967553,5459.102301,6374.734821
2025-05-12,4704.145352,1825.0,816,5253.180555,5099.6103041666665,4879.157155,4973.88518,5627.33784
2025-05-13,5623.711958,2169.0,908,5369.624899571429,5161.963301433333,4704.145352,4808.601546,3753.12204
2025-05-14,5372.265281,2280.0,972,5453.5147881428575,5210.663509499999,5623.711958,4785.036061,3911.259039
2025-05-15,5666.903524,2274.0,935,5525.457213285714,5232.027835900001,5372.265281,5163.306548,5025.973732
2025-05-16,7391.829615,2920.0,1087,5654.425776857142,5323.601492033334,5666.903524,6489.04967,4644.619931
2025-05-17,6716.082052,2763.0,1016,5764.8707052857135,5369.2987164666665,7391.829615,5942.967553,5345.165319
2025-05-18,4761.38351,2005.0,842,5748.045898857142,5357.640130700001,6716.082052,4879.157155,5111.141083
2025-05-19,4220.988464,1909.0,847,5679.023486285713,5286.114386933333,4761.38351,4704.145352,6366.7607769999995
2025-05-20,4647.446979,2057.0,880,5539.557060714285,5267.465540833334,4220.988464,5623.711958,5206.912362
2025-05-21,5602.7441770000005,2300.0,1000,5572.482617285714,5327.1464457,4647.446979,5372.265281,3812.317031
2025-05-22,5065.03481,2006.0,885,5486.501372428572,5354.466813633333,5602.7441770000005,5666.903524,4245.423772
2025-05-23,6243.823444,2328.0,982,5322.500490857143,5411.6850128333335,5065.03481,7391.829615,4527.277468
2025-05-24,5324.698259,2282.0,911,5123.731377571428,5432.8765266,6243.823444,6716.082052,4688.952846
2025-05-25,4239.126931,1918.0,854,5049.123294857142,5358.7717815000005,5324.698259,4761.38351,6462.269284
2025-05-26,3640.115161,1532.0,692,4966.141394428572,5270.039972133333,4239.126931,4220.988464,6302.069442
2025-05-27,4911.544618,1831.0,824,5003.8696285714295,5317.371138666666,3640.115161,4647.446979,3491.609622
2025-05-28,4179.893967,1978.0,832,4800.605312857143,5323.254825766667,4911.544618,5602.7441770000005,4003.383354
2025-05-29,4716.99369,1981.0,881,4750.885152857142,5307.402732166666,4179.893967,5065.03481,5192.556498
2025-05-30,8024.113881,2616.0,1031,5005.212358142856,5373.451656266667,4716.99369,6243.823444,6042.6461580000005
2025-05-31,5655.002831,2371.0,953,5052.398725571429,5414.044929299999,8024.113881,5324.698259,4437.20464
2025-06-01,4034.306352,1684.0,785,5023.138642857143,5319.3072449,5655.002831,4239.126931,6876.436884
2025-06-02,4389.036946,1844.0,806,5130.127469285714,5254.4099272,4034.306352,3640.115161,6335.956477
2025-06-03,5582.316668,1979.0,863,5225.952047857143,5258.517072766666,4389.036946,4911.544618,5459.102301
2025-06-04,4229.744923,1947.0,859,5233.0736130000005,5233.712397533333,5582.316668,4179.893967,4973.88518
2025-06-05,4590.665432,1889.0,838,5215.026719,5226.4478604000005,4229.744923,4716.99369,4808.601546
2025-06-06,6963.323169,2614.0,1020,5063.485188714286,5299.057430666667,4590.665432,8024.113881,4785.036061
2025-06-07,5260.045252,2296.0,938,5007.062677428571,5302.282054133333,6963.323169,5655.002831,5163.306548
2025-06-08,3506.691029,1633.0,745,4931.689059857143,5202.870099433333,5260.045252,4034.306352,6489.04967
2025-06-09,4376.2008829999995,1582.0,675,4929.855336571428,5150.644543766667,3506.691029,4389.036946,5942.967553
2025-06-10,5433.103692,2142.0,857,4908.539197142856,5169.109428333333,4376.2008829999995,5582.316668,4879.157155
2025-06-11,4427.5156,2045.0,838,4936.792151,5159.8884366,5433.103692,4229.744923,4704.145352
2025-06-12,4811.623323,2165.0,924,4968.357563999999,5132.818815433334,4427.5156,4590.665432,5623.711958
2025-06-13,7899.237099,2712.0,1077,5102.0595539999995,5217.051209366667,4811.623323,6963.323169,5372.265281
2025-06-14,5515.689693,2217.0,852,5138.580188428571,5212.010748333332,7899.237099,5260.045252,5666.903524
2025-06-15,3581.804474,1537.0,715,5149.310680571428,5085.009910299999,5515.689693,3506.691029,7391.829615
2025-06-16,4460.373148,1858.0,786,5161.335289857142,5009.819613500001,3581.804474,4376.2008829999995,6716.082052
2025-06-17,4939.711664,1817.0,789,5090.85071442857,5015.7638853,4460.373148,5433.103692,4761.38351
2025-06-18,4268.028419,1948.0,838,5068.066831428571,5017.3318838,4939.711664,4427.5156,4220.988464
2025-06-19,4867.226895,2268.0,924,5076.010198857142,5024.657881,4268.028419,4811.623323,4647.446979
2025-06-20,8065.395215,3081.0,1099,5099.747072571429,5106.746248933332,4867.226895,7899.237099,5602.7441770000005
2025-06-21,6646.132164,2555.0,960,5261.238854142857,5159.449494066666,8065.395215,5515.689693,5065.03481
2025-06-22,3709.074206,1607.0,713,5279.420244428571,5074.957852799999,6646.132164,3581.804474,6243.823444
2025-06-23,3897.421206,1640.0,722,5198.998538428571,5027.381951033332,3709.074206,4460.373148,5324.698259
2025-06-24,4609.52322,1827.0,804,5151.828760714286,5039.728493999999,3897.421206,4939.711664,4239.126931
2025-06-25,5256.98323,1951.0,841,5293.1080194285705,5093.6240963,4609.52322,4268.028419,3640.115161
2025-06-26,4577.786169,1851.0,840,5251.759344285713,5082.498814666667,5256.98323,4867.226895,4911.544618
2025-06-27,7183.934634,2561.0,1021,5125.836404142858,5182.633503566667,4577.786169,8065.395215,4179.893967
2025-06-28,5964.313073,2351.0,928,5028.433676857143,5224.210816333333,7183.934634,6646.132164,4716.99369
2025-06-29,4024.60328,1653.0,749,5073.509258857142,5090.8937963,5964.313073,3709.074206,8024.113881
2025-06-30,4174.089762,1690.0,734,5113.033338285714,5041.530027333333,4024.60328,3897.421206,5655.002831
2025-07-01,5335.8782949999995,1886.0,839,5216.798349,5084.915758766667,4174.089762,4609.52322,4034.306352
2025-07-02,5807.624904,1760.0,773,5295.461445285714,5132.202024033333,5335.8782949999995,5256.98323,4389.036946
2025-07-03,4104.849916,1659.0,779,5227.899123428571,5082.9531323,5807.624904,4577.786169,5582.316668
2025-07-06,13951.19123,5560.0,2339,6194.650065714285,5407.001342533334,4104.849916,7183.934634,4229.744923
2025-07-07,4358.161383,1768.0,788,5965.199824285714,5399.251207566666,13951.19123,5964.313073,4590.665432
2025-07-08,4780.101275,1817.0,805,6073.128109285714,5326.477144433333,4358.161383,4024.60328,6963.323169
2025-07-09,4288.33463,1780.0,768,6089.448804714286,5294.086790366667,4780.101275,4174.089762,5260.045252
2025-07-10,4871.12677,1954.0,838,6023.055729714286,5339.567981733333,4288.33463,5335.8782949999995,3506.691029
2025-07-11,6404.306338,2332.0,907,6108.295934571428,5407.1714968999995,4871.12677,5807.624904,4376.2008829999995
2025-07-12,7159.386622,2672.0,974,6544.658321142857,5464.714261233335,6404.306338,4104.849916,5433.103692
2025-07-13,3938.741491,1756.0,801,5114.308358428571,5448.421790933334,7159.386622,13951.19123,4427.5156
2025-07-14,3950.574933,1538.0,669,5056.081722714285,5419.720177933333,3938.741491,4358.161383,4811.623323
2025-07-15,4273.884904,1753.0,753,4983.765098285714,5298.875104766667,3950.574933,4780.101275,7899.237099
2025-07-16,4274.789637,1701.0,767,4981.830099285714,5257.511769566667,4273.884904,4288.33463,5515.689693
2025-07-17,4146.891232,1820.0,822,4878.367879571429,5276.347994833334,4274.789637,4871.12677,3581.804474
2025-07-18,6289.233117,2294.0,940,4861.9288480000005,5337.3099938,4146.891232,6404.306338,4460.373148
2025-07-19,5543.219762,2237.0,861,4631.047868,5357.4269304,6289.233117,7159.386622,4939.711664
2025-07-20,4063.388042,1671.0,740,4648.854518142857,5350.6055845,5543.219762,3938.741491,4268.028419
2025-07-21,3887.9613799999997,1523.0,676,4639.9097248571425,5317.9634006666665,4063.388042,3950.574933,4867.226895
2025-07-22,4408.871067,1738.0,769,4659.193462428571,5196.0792624000005,3887.9613799999997,4273.884904,8065.395215
2025-07-23,4767.084851,1857.0,763,4729.521350142857,5133.4443519666665,4408.871067,4274.789637,6646.132164
2025-07-24,4261.107692,1656.0,766,4745.837987285714,5151.845468166666,4767.084851,4146.891232,3709.074206
2025-07-25,5979.109451,2364.0,968,4701.534606428571,5221.235076333334,4261.107692,6289.233117,3897.421206
2025-07-26,6723.043026,2169.0,830,4870.080787,5291.6857365333335,5979.109451,5543.219762,4609.52322
2025-07-27,3794.726123,1554.0,737,4831.700512857143,5242.943832966667,6723.043026,4063.388042,5256.98323
2025-07-28,4280.566343,1614.0,727,4887.7869361428575,5233.036505433333,3794.726123,3887.9613799999997,4577.786169
2025-07-29,4622.78945,1856.0,832,4918.346705142858,5147.6649993,4280.566343,4408.871067,7183.934634
2025-07-30,4574.0262,1840.0,780,4890.766897857144,5101.322103533333,4622.78945,4767.084851,5964.313073
2025-07-31,5418.146223,1987.0,839,5056.058116571429,5147.773534966666,4574.0262,4261.107692,4024.60328
2025-08-01,6348.769623,2188.0,916,5108.866712571428,5220.262863666666,5418.146223,5979.109451,4174.089762
2025-08-02,5903.066165,2468.0,977,4991.727161000001,5239.169126,6348.769623,6723.043026,5335.8782949999995
2025-08-03,4210.909687,1699.0,751,5051.181955857143,5185.945285433333,5903.066165,3794.726123,5807.624904
2025-08-04,4519.589663,1509.0,723,5085.328144428572,5199.769943666667,4210.909687,4280.566343,4104.849916
2025-08-05,5446.473181,1787.0,785,5202.997248857143,4916.279342033333,4519.589663,4622.78945,13951.19123
2025-08-06,4072.7329,1704.0,761,5131.383920285713,4906.765059266666,5446.473181,4574.0262,4358.161383
2025-08-07,4469.326166,1682.0,770,4995.838197857143,4896.405888966667,4072.7329,5418.146223,4780.101275
2025-08-08,6048.922561,2296.0,964,4953.002903285715,4955.092153333333,4469.326166,6348.769623,4288.33463
2025-08-09,5591.014623,2099.0,849,4908.424111571428,4979.0884151,6048.922561,5903.066165,4871.12677
2025-08-10,2999.604864,1478.0,676,4735.380565428571,4865.598365966667,5591.014623,4210.909687,6404.306338
2025-08-11,4359.153,1605.0,738,4712.461042142858,4772.2572452333325,2999.604864,4519.589663,7159.386622
2025-08-12,5054.171442,2065.0,872,4656.417936571428,4809.4382436,4359.153,5446.473181,3938.741491
2025-08-13,5043.643089,2203.0,915,4795.119392142858,4845.8738488,5054.171442,4072.7329,3950.574933
2025-08-14,4067.062835,1902.0,794,4737.653202,4838.979779833333,5043.643089,4469.326166,4273.884904
2025-08-15,7693.719771,2623.0,1052,4972.624232,4952.944117633334,4067.062835,6048.922561,4274.789637
2025-08-16,5926.671544,2309.0,919,5020.575220714286,5012.270128033332,7693.719771,5591.014623,4146.891232
2025-08-17,4042.766295,1747.0,762,5169.598282285714,4937.387900633333,5926.671544,2999.604864,6289.233117
2025-08-18,4756.461469,1843.0,787,5226.356634999999,4911.1626242,4042.766295,4359.153,5543.219762
2025-08-19,5104.629962,2012.0,873,5233.564995000001,4945.8706882,4756.461469,5054.171442,4063.388042
2025-08-20,4666.601594,2010.0,828,5179.701924285714,4971.8253620000005,5104.629962,5043.643089,3887.9613799999997
2025-08-21,4611.53077,2019.0,840,5257.483057857143,4978.580685433333,4666.601594,4067.062835,4408.871067
2025-08-22,6665.728276,2710.0,1094,5110.62713,5041.8687996,4611.53077,7693.719771,4767.084851
2025-08-23,6036.609785,2332.0,948,5126.332593,5101.0522027,6665.728276,5926.671544,4261.107692
2025-08-24,3488.030613,1646.0,764,5047.084638428571,5018.016241433333,6036.609785,4042.766295,5979.109451
2025-08-25,4232.492783,1898.0,826,4972.231969,4934.997899999999,3488.030613,4756.461469,6723.043026
2025-08-26,4691.203862,1962.0,812,4913.171097571429,4964.8804913,4232.492783,5104.629962,3794.726123
2025-08-27,4305.321761,2003.0,871,4861.559692857142,4965.7056719,4691.203862,4666.601594,4280.566343
2025-08-28,4038.260394,1863.0,838,4779.663924857143,4946.221370033333,4305.321761,4611.53077,4622.78945
2025-08-29,7464.2541,2647.0,1081,4893.7390425714275,5042.5623000333335,4038.260394,6665.728276,4574.0262
2025-08-30,5762.559477,2317.0,914,4854.588998571429,5054.042741833334,7464.2541,6036.609785,5418.146223
2025-08-31,4582.99657,1695.0,749,5011.012706714285,4995.183640066667,5762.559477,3488.030613,6348.769623
2025-09-01,5167.7792469999995,1921.0,830,5144.625058714286,4970.674076133333,4582.99657,4232.492783,5903.066165
2025-09-02,5048.907802,1875.0,798,5195.725621571429,4998.607346633334,5167.7792469999995,4691.203862,4210.909687
2025-09-03,4446.364389,1966.0,846,5215.8745684285705,4996.1665041666665,5048.907802,4305.321761,4519.589663
2025-09-04,4655.573939,1904.0,825,5304.062217714286,4969.8031961,4446.364389,4038.260394,5446.473181
2025-09-05,6376.428847,2304.0,950,5148.658610142857,5046.5930610000005,4655.573939,7464.2541,4072.7329
2025-09-06,5829.9537470000005,2247.0,915,5158.286363,5091.9473136999995,6376.428847,5762.559477,4469.326166
2025-09-07,3020.44154,1469.0,671,4935.064215857143,4990.997946333333,5829.9537470000005,4582.99657,6048.922561
2025-09-08,4172.517736,1854.0,850,4792.884,4943.714716766667,3020.44154,5167.7792469999995,5591.014623
2025-09-09,4618.865045,2020.0,868,4731.449320428571,4997.690056133333,4172.517736,5048.907802,2999.604864
2025-09-10,4181.002229,1859.0,814,4693.540440428572,4991.7516971000005,4618.865045,4446.364389,4359.153
2025-09-11,4802.528919,2009.0,862,4714.534009,4983.3636129999995,4181.002229,4655.573939,5054.171442
2025-09-12,6585.80982,2580.0,1040,4744.445576571428,5034.7691707,4802.528919,6376.428847,5043.643089
2025-09-13,5108.226745,2270.0,906,4641.341719142857,5069.474634366667,6585.80982,5829.9537470000005,4067.062835
2025-09-14,3339.552102,1548.0,707,4686.928942285714,4924.335712066666,5108.226745,3020.44154,7693.719771
2025-09-15,3803.348494,1773.0,810,4634.190479142858,4853.558277066667,3339.552102,4172.517736,5926.671544
2025-09-16,4682.513711,1907.0,826,4643.283145714287,4874.883190933334,3803.348494,4618.865045,4042.766295
2025-09-17,4840.723072,1854.0,826,4737.528980428571,4877.691911033334,4682.513711,4181.002229,4756.461469
2025-09-18,4144.136401,1794.0,783,4643.472906428571,4845.675459,4840.723072,4802.528919,5104.629962
2025-09-19,6704.148144,2558.0,1050,4660.378381285714,4913.593677333333,4144.136401,6585.80982,4666.601594
2025-09-20,5350.733774,2150.0,905,4695.022242571428,4938.233777466667,6704.148144,5108.226745,4611.53077
2025-09-21,3723.2119079999998,1575.0,761,4749.830786285714,4840.149898533333,5350.733774,3339.552102,6665.728276
2025-09-22,3763.54021,1627.0,746,4744.143888571429,4764.3809126999995,3723.2119079999998,3803.348494,6036.609785
2025-09-23,4752.58482,1847.0,829,4754.154046999999,4806.5327196,3763.54021,4682.513711,3488.030613
2025-09-24,4463.615238,1990.0,849,4700.281499285715,4814.236801433332,4752.58482,4840.723072,4232.492783
2025-09-25,4504.795227,1886.0,869,4751.804188714285,4808.023180266667,4463.615238,4144.136401,4691.203862
2025-09-26,6024.263072,2167.0,917,4654.677749857144,4865.321223966666,4504.795227,6704.148144,4305.321761
2025-09-27,4860.255303,2114.0,849,4584.609396857143,4892.721054266667,6024.263072,5350.733774,4038.260394
2025-09-28,3950.542147,1604.0,742,4617.085145285714,4775.5973225,4860.255303,3723.2119079999998,7464.2541
2025-09-29,3390.575126,1455.0,702,4563.804419,4696.531177466666,3950.542147,3763.54021,5762.559477
2025-09-30,5474.726552,2050.0,877,4666.9675235714285,4726.255510200001,3390.575126,4752.58482,4582.99657
2025-10-01,4560.003263,1811.0,810,4680.737241428572,4705.996310733333,5474.726552,4463.615238,5167.7792469999995
2025-10-02,5491.310166,2052.0,932,4821.667947000001,4720.7430562,4560.003263,4504.795227,5048.907802
2025-10-03,5565.639726,2239.0,943,4756.150326142857,4758.0522341000005,5491.310166,6024.263072,4446.364389
2025-10-04,5174.486514,2036.0,875,4801.040499142858,4775.349319933333,5565.639726,4860.255303,4655.573939
2025-10-05,3997.159714,1437.0,668,4807.700151571429,4696.040348833334,5174.486514,3950.542147,6376.428847
2025-10-06,4370.643537,1863.0,801,4947.709924571429,4647.396675166668,3997.159714,3390.575126,5829.9537470000005
2025-10-07,3943.944913,1792.0,821,4729.026833285715,4678.1801209333335,4370.643537,5474.726552,3020.44154
2025-10-08,4278.19524,1886.0,873,4688.768544285714,4681.7027044,3943.944913,4560.003263,4172.517736
2025-10-09,4742.938633,2041.0,880,4581.858325285714,4685.838490666666,4278.19524,5491.310166,4618.865045
2025-10-10,6557.358444,2289.0,995,4723.5324278571425,4765.050364500001,4742.938633,5565.639726,4181.002229
2025-10-11,4548.035429,1989.0,827,4634.0394157142855,4756.567248166667,6557.358444,5174.486514,4802.528919
2025-10-12,3487.518428,1573.0,761,4561.233517714286,4653.290868433333,4548.035429,3997.159714,6585.80982
2025-10-13,3777.921972,1452.0,686,4476.559008428571,4608.947375999999,3487.518428,4370.643537,5108.226745
2025-10-14,4963.540321,1680.0,768,4622.2154952857145,4663.0803166333335,3777.921972,3943.944913,3339.552102
2025-10-15,4047.984266,1805.0,803,4589.328213285714,4671.234842366667,4963.540321,4278.19524,3803.348494
2025-10-16,3524.753351,1566.0,709,4415.3017444285715,4632.642830366666,4047.984266,4742.938633,4682.513711
2025-10-17,6016.599827,2143.0,890,4338.050513428571,4671.8387222,3524.753351,6557.358444,4840.723072
2025-10-18,5874.626418,2322.0,952,4527.563511857143,4729.521722766667,6016.599827,4548.035429,4144.136401
2025-10-19,3645.423362,1603.0,730,4550.121359571428,4627.564230033333,5874.626418,3487.518428,6704.148144
2025-10-20,4296.1820020000005,1654.0,750,4624.158506714286,4592.4125042999995,3645.423362,3777.921972,5350.733774
2025-10-21,4424.137059,1887.0,890,4547.100897857143,4615.7766759999995,4296.1820020000005,4963.540321,3723.2119079999998
2025-10-22,4212.118563,1998.0,853,4570.548654571428,4630.729287766667,4424.137059,4047.984266,3763.54021
2025-10-23,4113.275499,1897.0,861,4654.6232471428575,4609.418977066667,4212.118563,3524.753351,4752.58482
2025-10-24,5944.6846,2225.0,958,4644.349643285715,4658.7879558,4113.275499,6016.599827,4463.615238
2025-10-25,5851.010398,2330.0,986,4640.975926142857,4703.661794833333,5944.6846,5874.626418,4504.795227
2025-10-26,3526.863854,1584.0,733,4624.038853571429,4620.415154233333,5851.010398,3645.423362,6024.263072
2025-10-27,3970.112427,1764.0,803,4577.457485714286,4590.743725033333,3526.863854,4296.1820020000005,4860.255303
2025-10-28,4989.149656,1813.0,842,4658.173571,4625.363975333333,3970.112427,4424.137059,3950.542147
2025-10-29,4943.836023,1995.0,898,4762.704636714286,4677.139338566666,4989.149656,4212.118563,3390.575126
2025-10-30,4886.200182,2071.0,903,4873.122448571428,4657.5217929,4943.836023,4113.275499,5474.726552
2025-10-31,6827.190051,2583.0,1025,4999.194655857143,4733.094685833334,4886.200182,5944.6846,4560.003263
2025-11-01,6762.784665,2251.0,934,5129.448122571428,4775.477169133333,6827.190051,5851.010398,5491.310166
2025-11-02,3924.249709,1627.0,761,5186.217530428571,4720.764168566666,6762.784665,3526.863854,5565.639726
2025-11-03,5088.668116,1799.0,776,5346.011200285714,4717.9035553,3924.249709,3970.112427,5174.486514
2025-11-04,4845.551545,1860.0,824,5325.497184428571,4746.183283,5088.668116,4989.149656,3997.159714
2025-11-05,4559.600161,1769.0,793,5270.606347,4752.481837133334,4845.551545,4943.836023,4370.643537
2025-11-06,4690.210034,2017.0,866,5242.607754428572,4777.3573411666675,4559.600161,4886.200182,3943.944913
2025-11-07,5947.472581,2303.0,962,5116.933830142857,4832.9999192000005,4690.210034,6827.190051,4278.19524
2025-11-08,5048.6893469999995,2056.0,875,4872.063070428572,4843.191609666666,5947.472581,6762.784665,4742.938633
2025-11-09,3717.297024,1584.0,744,4842.498401142858,4748.522895666666,5048.6893469999995,3924.249709,6557.358444
2025-11-10,5169.247713,1811.0,809,4854.0097721428565,4769.2299718,3717.297024,5088.668116,4548.035429
2025-11-11,4349.551172,1762.0,792,4783.152576,4797.9643966,5169.247713,4845.551545,3487.518428
2025-11-12,4706.43817,1948.0,855,4804.129434428571,4828.914936533333,4349.551172,4559.600161,3777.921972
2025-11-13,5749.331566,1908.0,818,4955.432510428572,4855.107978033334,4706.43817,4690.210034,4963.540321
2025-11-14,6091.2062909999995,2399.0,1019,4975.965897571428,4923.2153788666665,5749.331566,5947.472581,4047.984266
2025-11-15,6612.039546,2405.0,942,5199.301640285715,5026.1249187,6091.2062909999995,5048.6893469999995,3524.753351
2025-11-16,3631.892307,1495.0,679,5187.100966428572,4946.634668033334,6612.039546,3717.297024,6016.599827
2025-11-17,4582.414381,1773.0,830,5103.2676332857145,4903.560933466667,3631.892307,5169.247713,5874.626418
2025-11-18,4592.646453,1834.0,869,5137.995530571429,4935.1350365,4582.414381,4349.551172,3645.423362
2025-11-19,4300.58461,1778.0,802,5080.016450571428,4935.2817901,4592.646453,4706.43817,4296.1820020000005
2025-11-20,4458.249923,1895.0,815,4895.576215857143,4936.418885566667,4300.58461,5749.331566,4424.137059
2025-11-21,5900.109932,2300.0,1002,4868.276736,4992.685264533333,4458.249923,6091.2062909999995,4212.118563
2025-11-22,7001.276384,2469.0,1008,4923.881998571429,5088.9519607,5900.109932,6612.039546,4113.275499
2025-11-23,3865.584624,1489.0,683,4957.266615285714,5019.648628166667,7001.276384,3631.892307,5944.6846
2025-11-24,4228.392842,1830.0,805,4906.692109714286,4965.561376299999,3865.584624,4582.414381,5851.010398
2025-11-25,4823.036139,1922.0,833,4939.6049219999995,5008.767119133333,4228.392842,4592.646453,3526.863854
2025-11-26,4447.041331,1795.0,809,4960.527310714286,5024.664749266667,4823.036139,4300.58461,3970.112427
2025-11-27,4796.604735,1976.0,867,5008.863712428572,5018.246585233334,4447.041331,4458.249923,4989.149656
2025-11-28,6375.409004,2288.0,997,5076.763579857143,5065.9656846,4796.604735,5900.109932,4943.836023
2025-11-29,6061.138026,2252.0,928,4942.458100142858,5105.130279399999,6375.409004,7001.276384,4886.200182
2025-11-30,4136.713189,1534.0,716,4981.190752285714,5015.447717333333,6061.138026,3865.584624,6827.190051
2025-12-01,3759.270293,1538.0,744,4914.173245285715,4915.3305716,4136.713189,4228.392842,6762.784665
2025-12-02,4421.64126,1641.0,780,4856.831119714286,4931.910289966667,3759.270293,4823.036139,3924.249709
2025-12-03,4985.896539,1694.0,778,4933.810435142857,4928.4845707333325,4421.64126,4447.041331,5088.668116
2025-12-04,4465.244322,1743.0,792,4886.473233285715,4915.8076633,4985.896539,4796.604735,4845.551545
2025-12-05,7015.66394,2454.0,1016,4977.938224142857,4997.676455933333,4465.244322,6375.409004,4559.600161
2025-12-06,5251.319159,1950.0,813,4862.249814571428,5016.380093433333,7015.66394,6061.138026,4690.210034
2025-12-07,4036.515036,1673.0,777,4847.9357927142855,4952.6815086,5251.319159,4136.713189,5947.472581
2025-12-08,4151.814761,1778.0,820,4904.013573857143,4922.785689066667,4036.515036,3759.270293,5048.6893469999995
2025-12-09,4294.476768,1671.0,784,4885.847217857144,4942.025013866668,4151.814761,4421.64126,3717.297024
2025-12-10,3869.7032,1495.0,745,4726.3910265714285,4898.706863433333,4294.476768,4985.896539,5169.247713
2025-12-11,4806.474672,1836.0,827,4775.138219428572,4913.937646766667,3869.7032,4465.244322,4349.551172
2025-12-12,5799.5047700000005,2157.0,972,4601.401195142857,4950.373200100001,4806.474672,7015.66394,4706.43817
2025-12-13,5202.903341,1915.0,813,4594.484649714286,4932.158925933333,5799.5047700000005,5251.319159,5749.331566
2025-12-14,3447.549949,1502.0,680,4510.346780142857,4844.0370478666655,5202.903341,4036.515036,6091.2062909999995
2025-12-15,4386.754808,1702.0,760,4543.909644,4769.860889933334,3447.549949,4151.814761,6612.039546
2025-12-16,4915.174985,1706.0,769,4632.580817857143,4812.6369792000005,4386.754808,4294.476768,3631.892307
2025-12-17,4446.116686,1686.0,756,4714.925601571428,4808.0937226999995,4915.174985,3869.7032,4582.414381
2025-12-18,4652.391583,1794.0,816,4692.913731714287,4810.085227033333,4446.116686,4806.474672,4592.646453
2025-12-19,5582.058117,2102.0,911,4661.849924142857,4852.8010106,4652.391583,5799.5047700000005,4300.58461
2025-12-20,4952.166677,2039.0,848,4626.030400714286,4869.2649024,5582.058117,5202.903341,4458.249923
2025-12-21,4421.026923,1600.0,722,4765.098539857143,4819.962135433333,4952.166677,3447.549949,5900.109932
2025-12-22,4724.878078,1993.0,800,4813.4018641428565,4744.0821919,4421.026923,4386.754808,7001.276384
2025-12-23,6490.803056,2112.0,873,5038.491588571429,4831.589472966667,4724.878078,4915.174985,3865.584624
2025-12-24,9925.211417999999,2694.0,1030,5821.219407428572,5021.4834255000005,6490.803056,4446.116686,4228.392842
2025-12-25,3877.486498,1297.0,624,5710.518681,4989.965104133333,9925.211417999999,4652.391583,4823.036139
2025-12-26,3797.574861,1412.0,709,5455.592501571429,4968.316221799999,3877.486498,5582.058117,4447.041331
2025-12-27,3821.982029,1508.0,642,5294.137551857143,4935.828798266666,3797.574861,4952.166677,4796.604735
2025-12-28,3030.722004,1193.0,554,5095.522563428572,4824.3392316,3821.982029,4421.026923,6375.409004
2025-12-29,4298.219943,1399.0,623,5034.571401285714,4765.575295500001,3030.722004,4724.878078,6061.138026
2025-12-30,3615.788767,1479.0,659,4623.855074285714,4748.2111481,4298.219943,6490.803056,4136.713189
2025-12-31,6744.513344,2319.0,839,4169.469635142857,4847.7192497999995,3615.788767,9925.211417999999,3759.270293
